pdb_complex_id,asm_id1,asym_id1,asm_id2,asym_id2
PDB-CPX-143265,7x0v_1,K,8sfe_1,b
PDB-CPX-143265,7x0v_1,J,8sfe_1,d
PDB-CPX-143265,7x0v_1,H,8sfe_1,a
PDB-CPX-143265,7x0v_1,G,8sfe_1,e
PDB-CPX-143265,7x0v_1,E,8sfe_1,g
PDB-CPX-143265,7x0v_1,I,8sfe_1,q
PDB-CPX-143265,7x0v_1,B,8sfe_1,z
PDB-CPX-143265,7x0v_1,A,8sfe_1,h
PDB-CPX-143265,7x0v_1,z,8sfe_1,B
PDB-CPX-143265,7x0v_1,P,8sfe_1,D
PDB-CPX-143265,7x0v_1,O,8sfe_1,A
PDB-CPX-143265,7x0v_1,N,8sfe_1,E
PDB-CPX-143265,7x0v_1,e,8sfe_1,G
PDB-CPX-143265,7x0v_1,a,8sfe_1,H
PDB-CPX-143265,7x0v_1,M,8sfe_1,Q
PDB-CPX-143265,7x0v_1,L,8sfe_1,Z
